X,CH1,CH2,CH3,CH4,Start,Increment,
Sequence,Volt,Volt,Volt,Volt,-4.000000e-06,2.000000e-07
0,3.28e+00,8.00e-02,3.28e+00,3.36e+00,
1,3.28e+00,8.00e-02,3.36e+00,3.36e+00,
2,3.28e+00,8.00e-02,3.36e+00,3.36e+00,
3,3.28e+00,8.00e-02,3.36e+00,3.36e+00,
4,3.28e+00,8.00e-02,3.28e+00,3.36e+00,
5,3.28e+00,8.00e-02,3.36e+00,3.36e+00,
6,3.20e+00,8.00e-02,3.36e+00,3.28e+00,
7,3.20e+00,8.00e-02,3.36e+00,3.28e+00,
8,3.20e+00,8.00e-02,3.28e+00,3.28e+00,
9,3.28e+00,8.00e-02,3.36e+00,3.28e+00,
10,3.28e+00,8.00e-02,3.28e+00,3.28e+00,
11,3.28e+00,8.00e-02,3.36e+00,3.28e+00,
12,3.20e+00,8.00e-02,3.28e+00,3.28e+00,
13,3.20e+00,8.00e-02,3.28e+00,3.36e+00,
14,3.28e+00,8.00e-02,3.28e+00,3.36e+00,
15,3.28e+00,8.00e-02,3.36e+00,3.36e+00,
16,3.28e+00,8.00e-02,3.28e+00,3.28e+00,
17,3.28e+00,8.00e-02,3.36e+00,3.28e+00,
18,3.28e+00,8.00e-02,3.36e+00,3.28e+00,
19,8.00e-01,8.00e-02,3.20e+00,4.80e-01,
20,8.00e-02,8.00e-02,3.20e+00,8.00e-02,
21,1.60e-01,8.00e-02,3.20e+00,8.00e-02,
22,8.00e-02,8.00e-02,2.40e-01,8.00e-02,
23,8.00e-02,8.00e-02,0.00e+00,8.00e-02,
24,8.00e-02,8.00e-02,0.00e+00,8.00e-02,
25,8.00e-02,0.00e+00,0.00e+00,8.00e-02,
26,8.00e-02,0.00e+00,0.00e+00,0.00e+00,
27,8.00e-02,8.00e-02,0.00e+00,8.00e-02,
28,8.00e-02,8.00e-02,0.00e+00,8.00e-02,
29,8.00e-02,0.00e+00,0.00e+00,8.00e-02,
30,8.00e-02,8.00e-02,0.00e+00,0.00e+00,
31,8.00e-02,8.00e-02,0.00e+00,0.00e+00,
32,8.00e-02,8.00e-02,0.00e+00,0.00e+00,
33,8.00e-02,8.00e-02,0.00e+00,8.00e-02,
34,8.00e-02,8.00e-02,0.00e+00,0.00e+00,
35,8.00e-02,8.00e-02,0.00e+00,8.00e-02,
36,8.00e-02,8.00e-02,0.00e+00,0.00e+00,
37,8.00e-02,0.00e+00,0.00e+00,8.00e-02,
38,8.00e-02,8.00e-02,8.00e-02,8.00e-02,
39,8.00e-02,8.00e-02,8.00e-02,8.00e-02,
40,8.00e-02,3.28e+00,8.00e-02,8.00e-02,
41,1.60e-01,3.20e+00,8.00e-02,0.00e+00,
42,1.60e-01,3.36e+00,0.00e+00,8.00e-02,
43,8.00e-02,3.36e+00,0.00e+00,8.00e-02,
44,8.00e-02,3.44e+00,0.00e+00,8.00e-02,
45,8.00e-02,3.44e+00,0.00e+00,8.00e-02,
46,8.00e-02,3.36e+00,0.00e+00,0.00e+00,
47,8.00e-02,3.36e+00,0.00e+00,0.00e+00,
48,8.00e-02,3.28e+00,0.00e+00,8.00e-02,
49,8.00e-02,3.28e+00,0.00e+00,8.00e-02,
50,8.00e-02,3.44e+00,0.00e+00,8.00e-02,
51,8.00e-02,3.44e+00,0.00e+00,8.00e-02,
52,8.00e-02,3.28e+00,0.00e+00,8.00e-02,
53,8.00e-02,3.28e+00,0.00e+00,8.00e-02,
54,8.00e-02,3.28e+00,0.00e+00,8.00e-02,
55,8.00e-02,3.28e+00,0.00e+00,8.00e-02,
56,8.00e-02,3.28e+00,0.00e+00,8.00e-02,
57,8.00e-02,3.28e+00,1.60e-01,1.60e-01,
58,8.00e-02,8.00e-02,0.00e+00,0.00e+00,
59,8.00e-02,8.00e-02,0.00e+00,0.00e+00,
60,8.00e-02,8.00e-02,0.00e+00,8.00e-02,
61,8.00e-02,0.00e+00,0.00e+00,0.00e+00,
62,8.00e-02,8.00e-02,0.00e+00,0.00e+00,
63,8.00e-02,8.00e-02,0.00e+00,0.00e+00,
64,8.00e-02,8.00e-02,0.00e+00,8.00e-02,
65,8.00e-02,8.00e-02,0.00e+00,8.00e-02,
66,8.00e-02,8.00e-02,0.00e+00,8.00e-02,
67,8.00e-02,8.00e-02,0.00e+00,8.00e-02,
68,8.00e-02,8.00e-02,0.00e+00,8.00e-02,
69,8.00e-02,8.00e-02,0.00e+00,0.00e+00,
70,8.00e-02,8.00e-02,0.00e+00,8.00e-02,
71,8.00e-02,8.00e-02,0.00e+00,8.00e-02,
72,8.00e-02,8.00e-02,0.00e+00,8.00e-02,
73,8.00e-02,8.00e-02,0.00e+00,8.00e-02,
74,8.00e-02,8.00e-02,0.00e+00,8.00e-02,
75,8.00e-02,8.00e-02,1.60e-01,1.60e-01,
76,8.00e-02,3.44e+00,0.00e+00,8.00e-02,
77,8.00e-02,3.36e+00,1.60e-01,8.00e-02,
78,8.00e-02,3.36e+00,0.00e+00,8.00e-02,
79,8.00e-02,3.36e+00,0.00e+00,8.00e-02,
80,8.00e-02,3.44e+00,0.00e+00,8.00e-02,
81,8.00e-02,3.44e+00,0.00e+00,8.00e-02,
82,8.00e-02,3.44e+00,0.00e+00,0.00e+00,
83,8.00e-02,3.44e+00,0.00e+00,0.00e+00,
84,8.00e-02,3.44e+00,0.00e+00,0.00e+00,
85,8.00e-02,3.36e+00,0.00e+00,0.00e+00,
86,8.00e-02,3.36e+00,0.00e+00,0.00e+00,
87,8.00e-02,3.44e+00,0.00e+00,0.00e+00,
88,8.00e-02,3.28e+00,0.00e+00,0.00e+00,
89,8.00e-02,3.28e+00,0.00e+00,8.00e-02,
90,8.00e-02,3.28e+00,0.00e+00,0.00e+00,
91,8.00e-02,3.20e+00,0.00e+00,8.00e-02,
92,1.60e-01,3.36e+00,0.00e+00,0.00e+00,
93,8.00e-02,3.44e+00,-8.00e-02,-8.00e-02,
94,8.00e-02,8.00e-02,8.00e-02,1.60e-01,
95,8.00e-02,8.00e-02,0.00e+00,0.00e+00,
96,8.00e-02,8.00e-02,0.00e+00,8.00e-02,
97,8.00e-02,8.00e-02,0.00e+00,0.00e+00,
98,8.00e-02,8.00e-02,0.00e+00,8.00e-02,
99,8.00e-02,8.00e-02,0.00e+00,8.00e-02,
100,1.60e-01,8.00e-02,0.00e+00,8.00e-02,
101,8.00e-02,8.00e-02,0.00e+00,8.00e-02,
102,8.00e-02,8.00e-02,0.00e+00,0.00e+00,
103,8.00e-02,8.00e-02,0.00e+00,8.00e-02,
104,8.00e-02,8.00e-02,0.00e+00,0.00e+00,
105,8.00e-02,8.00e-02,0.00e+00,8.00e-02,
106,8.00e-02,8.00e-02,0.00e+00,0.00e+00,
107,8.00e-02,8.00e-02,0.00e+00,0.00e+00,
108,1.60e-01,8.00e-02,0.00e+00,0.00e+00,
109,1.60e-01,8.00e-02,0.00e+00,8.00e-02,
110,1.60e-01,8.00e-02,0.00e+00,8.00e-02,
111,1.60e-01,8.00e-02,0.00e+00,0.00e+00,
112,8.00e-02,3.52e+00,8.00e-02,2.40e-01,
113,8.00e-02,3.52e+00,0.00e+00,8.00e-02,
114,8.00e-02,3.36e+00,0.00e+00,8.00e-02,
115,8.00e-02,3.44e+00,0.00e+00,8.00e-02,
116,8.00e-02,3.36e+00,0.00e+00,8.00e-02,
117,8.00e-02,3.36e+00,0.00e+00,8.00e-02,
118,8.00e-02,3.36e+00,0.00e+00,8.00e-02,
119,8.00e-02,3.36e+00,0.00e+00,8.00e-02,
120,8.00e-02,3.36e+00,0.00e+00,0.00e+00,
121,8.00e-02,3.36e+00,0.00e+00,8.00e-02,
122,8.00e-02,3.36e+00,0.00e+00,0.00e+00,
123,1.60e-01,3.36e+00,0.00e+00,0.00e+00,
124,8.00e-02,3.28e+00,0.00e+00,8.00e-02,
125,8.00e-02,3.28e+00,0.00e+00,0.00e+00,
126,8.00e-02,3.28e+00,0.00e+00,8.00e-02,
127,8.00e-02,3.28e+00,0.00e+00,8.00e-02,
128,8.00e-02,3.04e+00,0.00e+00,8.00e-02,
129,8.00e-02,2.96e+00,0.00e+00,0.00e+00,
130,8.00e-02,0.00e+00,0.00e+00,0.00e+00,
131,8.00e-02,8.00e-02,0.00e+00,0.00e+00,
132,8.00e-02,8.00e-02,0.00e+00,0.00e+00,
133,8.00e-02,8.00e-02,0.00e+00,8.00e-02,
134,8.00e-02,8.00e-02,0.00e+00,0.00e+00,
135,8.00e-02,8.00e-02,0.00e+00,0.00e+00,
136,8.00e-02,8.00e-02,0.00e+00,8.00e-02,
137,8.00e-02,8.00e-02,0.00e+00,8.00e-02,
138,8.00e-02,8.00e-02,0.00e+00,8.00e-02,
139,8.00e-02,8.00e-02,0.00e+00,0.00e+00,
140,8.00e-02,8.00e-02,0.00e+00,8.00e-02,
141,8.00e-02,8.00e-02,0.00e+00,0.00e+00,
142,8.00e-02,8.00e-02,0.00e+00,0.00e+00,
143,8.00e-02,8.00e-02,0.00e+00,0.00e+00,
144,8.00e-02,8.00e-02,0.00e+00,8.00e-02,
145,8.00e-02,8.00e-02,0.00e+00,0.00e+00,
146,8.00e-02,2.08e+00,0.00e+00,8.00e-02,
147,8.00e-02,2.08e+00,8.00e-02,1.60e-01,
148,8.00e-02,3.44e+00,0.00e+00,0.00e+00,
149,8.00e-02,3.44e+00,0.00e+00,0.00e+00,
150,8.00e-02,3.44e+00,0.00e+00,8.00e-02,
151,8.00e-02,3.44e+00,0.00e+00,8.00e-02,
152,8.00e-02,3.44e+00,0.00e+00,8.00e-02,
153,8.00e-02,3.44e+00,0.00e+00,8.00e-02,
154,8.00e-02,3.36e+00,0.00e+00,8.00e-02,
155,8.00e-02,3.44e+00,0.00e+00,8.00e-02,
156,1.60e-01,3.36e+00,0.00e+00,8.00e-02,
157,8.00e-02,3.36e+00,0.00e+00,8.00e-02,
158,8.00e-02,3.36e+00,0.00e+00,8.00e-02,
159,8.00e-02,3.36e+00,0.00e+00,8.00e-02,
160,8.00e-02,3.36e+00,0.00e+00,0.00e+00,
161,8.00e-02,3.36e+00,0.00e+00,0.00e+00,
162,8.00e-02,3.36e+00,0.00e+00,0.00e+00,
163,1.60e-01,3.44e+00,0.00e+00,0.00e+00,
164,1.60e-01,5.60e-01,-1.60e-01,-8.00e-02,
165,8.00e-02,5.60e-01,0.00e+00,8.00e-02,
166,8.00e-02,8.00e-02,0.00e+00,8.00e-02,
167,8.00e-02,0.00e+00,0.00e+00,8.00e-02,
168,8.00e-02,8.00e-02,0.00e+00,8.00e-02,
169,8.00e-02,8.00e-02,0.00e+00,8.00e-02,
170,8.00e-02,8.00e-02,0.00e+00,0.00e+00,
171,8.00e-02,8.00e-02,0.00e+00,0.00e+00,
172,8.00e-02,8.00e-02,0.00e+00,8.00e-02,
173,8.00e-02,8.00e-02,0.00e+00,8.00e-02,
174,8.00e-02,8.00e-02,0.00e+00,8.00e-02,
175,8.00e-02,8.00e-02,0.00e+00,8.00e-02,
176,8.00e-02,0.00e+00,0.00e+00,8.00e-02,
177,8.00e-02,8.00e-02,0.00e+00,8.00e-02,
178,8.00e-02,8.00e-02,0.00e+00,8.00e-02,
179,8.00e-02,8.00e-02,0.00e+00,8.00e-02,
180,8.00e-02,8.00e-02,0.00e+00,8.00e-02,
181,8.00e-02,8.00e-02,0.00e+00,8.00e-02,
182,1.60e-01,3.20e+00,0.00e+00,8.00e-02,
183,8.00e-02,3.20e+00,0.00e+00,8.00e-02,
184,8.00e-02,3.44e+00,0.00e+00,0.00e+00,
185,8.00e-02,3.36e+00,0.00e+00,8.00e-02,
186,8.00e-02,3.44e+00,0.00e+00,0.00e+00,
187,8.00e-02,3.44e+00,0.00e+00,0.00e+00,
188,8.00e-02,3.44e+00,0.00e+00,0.00e+00,
189,8.00e-02,3.36e+00,0.00e+00,0.00e+00,
190,1.60e-01,3.44e+00,0.00e+00,8.00e-02,
191,1.60e-01,3.36e+00,0.00e+00,8.00e-02,
192,1.60e-01,3.44e+00,0.00e+00,8.00e-02,
193,8.00e-02,3.36e+00,0.00e+00,0.00e+00,
194,8.00e-02,3.28e+00,0.00e+00,0.00e+00,
195,8.00e-02,3.28e+00,0.00e+00,8.00e-02,
196,8.00e-02,3.28e+00,0.00e+00,0.00e+00,
197,1.60e-01,3.28e+00,0.00e+00,8.00e-02,
198,8.00e-02,3.44e+00,0.00e+00,8.00e-02,
199,8.00e-02,3.44e+00,0.00e+00,8.00e-02,
200,8.00e-02,3.20e-01,8.00e-02,1.60e-01,
201,8.00e-02,3.20e-01,0.00e+00,8.00e-02,
202,8.00e-02,8.00e-02,0.00e+00,8.00e-02,
203,8.00e-02,8.00e-02,0.00e+00,8.00e-02,
204,8.00e-02,8.00e-02,0.00e+00,8.00e-02,
205,1.60e-01,0.00e+00,0.00e+00,8.00e-02,
206,1.60e-01,0.00e+00,0.00e+00,0.00e+00,
207,8.00e-02,8.00e-02,0.00e+00,0.00e+00,
208,8.00e-02,8.00e-02,0.00e+00,0.00e+00,
209,8.00e-02,8.00e-02,0.00e+00,8.00e-02,
210,8.00e-02,8.00e-02,0.00e+00,8.00e-02,
211,8.00e-02,8.00e-02,0.00e+00,8.00e-02,
212,8.00e-02,0.00e+00,0.00e+00,8.00e-02,
213,8.00e-02,8.00e-02,0.00e+00,0.00e+00,
214,8.00e-02,8.00e-02,0.00e+00,8.00e-02,
215,8.00e-02,8.00e-02,0.00e+00,0.00e+00,
216,8.00e-02,8.00e-02,0.00e+00,8.00e-02,
217,8.00e-02,8.00e-02,-1.60e-01,-8.00e-02,
218,8.00e-02,3.52e+00,1.60e-01,1.60e-01,
219,8.00e-02,3.52e+00,0.00e+00,0.00e+00,
220,8.00e-02,3.44e+00,0.00e+00,8.00e-02,
221,8.00e-02,3.44e+00,0.00e+00,8.00e-02,
222,8.00e-02,3.44e+00,0.00e+00,8.00e-02,
223,1.60e-01,3.36e+00,0.00e+00,8.00e-02,
224,1.60e-01,3.36e+00,0.00e+00,8.00e-02,
225,1.60e-01,3.36e+00,0.00e+00,0.00e+00,
226,8.00e-02,3.36e+00,0.00e+00,8.00e-02,
227,8.00e-02,3.36e+00,0.00e+00,0.00e+00,
228,8.00e-02,3.36e+00,0.00e+00,8.00e-02,
229,8.00e-02,3.36e+00,0.00e+00,8.00e-02,
230,8.00e-02,3.36e+00,0.00e+00,8.00e-02,
231,8.00e-02,3.44e+00,0.00e+00,8.00e-02,
232,8.00e-02,3.28e+00,0.00e+00,8.00e-02,
233,8.00e-02,3.28e+00,0.00e+00,8.00e-02,
234,8.00e-02,3.28e+00,0.00e+00,0.00e+00,
235,1.60e-01,3.20e+00,-8.00e-02,-8.00e-02,
236,8.00e-02,0.00e+00,0.00e+00,0.00e+00,
237,8.00e-02,8.00e-02,8.00e-02,0.00e+00,
238,8.00e-02,8.00e-02,0.00e+00,0.00e+00,
239,8.00e-02,8.00e-02,0.00e+00,0.00e+00,
240,8.00e-02,8.00e-02,0.00e+00,0.00e+00,
241,8.00e-02,8.00e-02,0.00e+00,8.00e-02,
242,8.00e-02,8.00e-02,0.00e+00,0.00e+00,
243,1.60e-01,8.00e-02,0.00e+00,0.00e+00,
244,8.00e-02,8.00e-02,0.00e+00,0.00e+00,
245,8.00e-02,8.00e-02,0.00e+00,8.00e-02,
246,8.00e-02,8.00e-02,0.00e+00,0.00e+00,
247,8.00e-02,8.00e-02,0.00e+00,0.00e+00,
248,8.00e-02,8.00e-02,0.00e+00,8.00e-02,
249,1.60e-01,0.00e+00,0.00e+00,0.00e+00,
250,1.60e-01,8.00e-02,0.00e+00,0.00e+00,
251,1.60e-01,8.00e-02,0.00e+00,8.00e-02,
252,8.00e-02,0.00e+00,0.00e+00,8.00e-02,
253,8.00e-02,8.00e-02,1.60e-01,1.60e-01,
254,1.60e-01,3.52e+00,0.00e+00,0.00e+00,
255,8.00e-02,3.52e+00,0.00e+00,0.00e+00,
256,8.00e-02,3.44e+00,0.00e+00,0.00e+00,
257,8.00e-02,3.44e+00,0.00e+00,0.00e+00,
258,8.00e-02,3.36e+00,0.00e+00,0.00e+00,
259,8.00e-02,3.36e+00,0.00e+00,8.00e-02,
260,8.00e-02,3.36e+00,0.00e+00,0.00e+00,
261,8.00e-02,3.36e+00,0.00e+00,8.00e-02,
262,8.00e-02,3.44e+00,0.00e+00,8.00e-02,
263,8.00e-02,3.36e+00,0.00e+00,8.00e-02,
264,8.00e-02,3.36e+00,0.00e+00,0.00e+00,
265,8.00e-02,3.44e+00,0.00e+00,0.00e+00,
266,8.00e-02,3.28e+00,0.00e+00,8.00e-02,
267,8.00e-02,3.28e+00,0.00e+00,0.00e+00,
268,8.00e-02,3.28e+00,0.00e+00,8.00e-02,
269,8.00e-02,3.28e+00,0.00e+00,0.00e+00,
270,8.00e-02,3.28e+00,0.00e+00,0.00e+00,
271,8.00e-02,3.28e+00,0.00e+00,3.12e+00,
272,8.00e-02,8.00e-02,0.00e+00,3.36e+00,
273,8.00e-02,8.00e-02,0.00e+00,3.36e+00,
274,8.00e-02,8.00e-02,0.00e+00,3.36e+00,
275,8.00e-02,8.00e-02,0.00e+00,3.36e+00,
276,8.00e-02,8.00e-02,0.00e+00,3.36e+00,
277,8.00e-02,8.00e-02,0.00e+00,3.36e+00,
278,8.00e-02,8.00e-02,0.00e+00,3.28e+00,
279,8.00e-02,8.00e-02,0.00e+00,3.36e+00,
280,8.00e-02,8.00e-02,0.00e+00,3.36e+00,
281,8.00e-02,8.00e-02,0.00e+00,3.36e+00,
282,8.00e-02,8.00e-02,0.00e+00,3.36e+00,
283,8.00e-02,8.00e-02,0.00e+00,3.28e+00,
284,8.00e-02,8.00e-02,0.00e+00,3.28e+00,
285,1.60e-01,0.00e+00,0.00e+00,3.36e+00,
286,8.00e-02,8.00e-02,0.00e+00,3.28e+00,
287,8.00e-02,8.00e-02,0.00e+00,3.36e+00,
288,8.00e-02,8.80e-01,-1.60e-01,3.12e+00,
289,8.00e-02,9.60e-01,8.00e-02,3.52e+00,
290,1.60e-01,3.36e+00,0.00e+00,3.36e+00,
291,1.60e-01,3.36e+00,0.00e+00,3.36e+00,
292,1.60e-01,3.36e+00,0.00e+00,3.36e+00,
293,1.60e-01,3.36e+00,0.00e+00,3.36e+00,
294,1.60e-01,3.36e+00,0.00e+00,3.36e+00,
295,8.00e-02,3.36e+00,0.00e+00,3.36e+00,
296,8.00e-02,3.36e+00,0.00e+00,3.36e+00,
297,1.60e-01,3.36e+00,0.00e+00,3.36e+00,
298,8.00e-02,3.36e+00,0.00e+00,3.28e+00,
299,8.00e-02,3.36e+00,0.00e+00,3.28e+00,
300,8.00e-02,3.36e+00,0.00e+00,3.36e+00,
301,8.00e-02,3.36e+00,0.00e+00,3.28e+00,
302,8.00e-02,3.20e+00,0.00e+00,3.36e+00,
303,8.00e-02,3.20e+00,0.00e+00,3.36e+00,
304,8.00e-02,3.20e+00,0.00e+00,3.36e+00,
305,8.00e-02,3.20e+00,0.00e+00,3.36e+00,
306,8.00e-02,1.20e+00,2.40e+00,1.20e+00,
307,8.00e-02,1.12e+00,3.20e+00,-8.00e-02,
308,8.00e-02,0.00e+00,3.20e+00,8.00e-02,
309,8.00e-02,8.00e-02,3.20e+00,8.00e-02,
310,8.00e-02,8.00e-02,3.20e+00,0.00e+00,
311,8.00e-02,0.00e+00,9.60e-01,-8.00e-02,
312,8.00e-02,0.00e+00,0.00e+00,8.00e-02,
313,8.00e-02,8.00e-02,0.00e+00,8.00e-02,
314,1.60e-01,8.00e-02,0.00e+00,0.00e+00,
315,8.00e-02,0.00e+00,0.00e+00,0.00e+00,
316,8.00e-02,0.00e+00,0.00e+00,0.00e+00,
317,8.00e-02,0.00e+00,0.00e+00,8.00e-02,
318,8.00e-02,0.00e+00,0.00e+00,8.00e-02,
319,8.00e-02,8.00e-02,0.00e+00,8.00e-02,
320,8.00e-02,8.00e-02,0.00e+00,0.00e+00,
321,8.00e-02,8.00e-02,0.00e+00,8.00e-02,
322,1.60e-01,8.00e-02,0.00e+00,8.00e-02,
323,1.60e-01,8.00e-02,0.00e+00,8.00e-02,
324,8.00e-02,8.00e-02,0.00e+00,8.00e-02,
325,8.00e-02,0.00e+00,1.60e-01,8.00e-02,
326,8.00e-02,8.00e-02,0.00e+00,8.00e-02,
327,8.00e-02,8.00e-02,0.00e+00,8.00e-02,
328,8.00e-02,8.00e-02,0.00e+00,0.00e+00,
329,8.00e-02,8.00e-02,8.00e-02,1.60e-01,
330,8.00e-02,3.52e+00,0.00e+00,0.00e+00,
331,8.00e-02,3.52e+00,0.00e+00,0.00e+00,
332,8.00e-02,3.36e+00,0.00e+00,0.00e+00,
333,1.60e-01,3.36e+00,0.00e+00,0.00e+00,
334,8.00e-02,3.36e+00,0.00e+00,0.00e+00,
335,8.00e-02,3.36e+00,0.00e+00,8.00e-02,
336,8.00e-02,3.36e+00,0.00e+00,8.00e-02,
337,8.00e-02,3.36e+00,0.00e+00,8.00e-02,
338,8.00e-02,3.36e+00,0.00e+00,8.00e-02,
339,8.00e-02,3.44e+00,0.00e+00,8.00e-02,
340,8.00e-02,3.36e+00,0.00e+00,8.00e-02,
341,8.00e-02,3.44e+00,0.00e+00,0.00e+00,
342,8.00e-02,3.28e+00,0.00e+00,8.00e-02,
343,8.00e-02,3.28e+00,0.00e+00,8.00e-02,
344,8.00e-02,3.20e+00,0.00e+00,8.00e-02,
345,8.00e-02,3.20e+00,0.00e+00,8.00e-02,
346,8.00e-02,3.28e+00,0.00e+00,8.00e-02,
347,1.60e-01,3.28e+00,1.60e-01,1.60e-01,
348,1.60e-01,8.00e-02,0.00e+00,8.00e-02,
349,8.00e-02,8.00e-02,0.00e+00,0.00e+00,
350,8.00e-02,8.00e-02,0.00e+00,8.00e-02,
351,1.60e-01,8.00e-02,0.00e+00,8.00e-02,
352,1.60e-01,8.00e-02,0.00e+00,8.00e-02,
353,1.60e-01,8.00e-02,0.00e+00,8.00e-02,
354,1.60e-01,8.00e-02,0.00e+00,0.00e+00,
355,8.00e-02,8.00e-02,0.00e+00,8.00e-02,
356,8.00e-02,8.00e-02,0.00e+00,0.00e+00,
357,8.00e-02,8.00e-02,0.00e+00,0.00e+00,
358,8.00e-02,8.00e-02,0.00e+00,8.00e-02,
359,8.00e-02,8.00e-02,0.00e+00,0.00e+00,
360,8.00e-02,8.00e-02,0.00e+00,0.00e+00,
361,8.00e-02,8.00e-02,0.00e+00,8.00e-02,
362,8.00e-02,8.00e-02,8.00e-02,8.00e-02,
363,8.00e-02,8.00e-02,8.00e-02,8.00e-02,
364,8.00e-02,1.60e-01,-1.60e-01,-8.00e-02,
365,8.00e-02,2.40e-01,0.00e+00,0.00e+00,
366,8.00e-02,3.44e+00,0.00e+00,0.00e+00,
367,8.00e-02,3.36e+00,0.00e+00,0.00e+00,
368,8.00e-02,3.36e+00,0.00e+00,0.00e+00,
369,8.00e-02,3.36e+00,0.00e+00,8.00e-02,
370,8.00e-02,3.36e+00,0.00e+00,8.00e-02,
371,8.00e-02,3.36e+00,0.00e+00,8.00e-02,
372,8.00e-02,3.36e+00,0.00e+00,8.00e-02,
373,8.00e-02,3.36e+00,0.00e+00,8.00e-02,
374,8.00e-02,3.36e+00,0.00e+00,8.00e-02,
375,8.00e-02,3.36e+00,0.00e+00,0.00e+00,
376,8.00e-02,3.28e+00,0.00e+00,8.00e-02,
377,8.00e-02,3.28e+00,0.00e+00,8.00e-02,
378,8.00e-02,3.28e+00,0.00e+00,8.00e-02,
379,8.00e-02,3.20e+00,0.00e+00,8.00e-02,
380,8.00e-02,3.20e+00,0.00e+00,0.00e+00,
381,8.00e-02,3.20e+00,0.00e+00,8.00e-02,
382,8.00e-02,1.52e+00,1.60e-01,1.60e-01,
383,8.00e-02,1.60e+00,0.00e+00,8.00e-02,
384,8.00e-02,8.00e-02,1.60e-01,8.00e-02,
385,8.00e-02,8.00e-02,0.00e+00,8.00e-02,
386,1.60e-01,8.00e-02,0.00e+00,8.00e-02,
387,8.00e-02,8.00e-02,0.00e+00,8.00e-02,
388,8.00e-02,8.00e-02,0.00e+00,8.00e-02,
389,8.00e-02,8.00e-02,0.00e+00,8.00e-02,
390,8.00e-02,8.00e-02,0.00e+00,8.00e-02,
391,8.00e-02,8.00e-02,0.00e+00,0.00e+00,
392,8.00e-02,8.00e-02,0.00e+00,0.00e+00,
393,8.00e-02,0.00e+00,0.00e+00,8.00e-02,
394,8.00e-02,0.00e+00,0.00e+00,0.00e+00,
395,8.00e-02,8.00e-02,0.00e+00,8.00e-02,
396,8.00e-02,8.00e-02,0.00e+00,0.00e+00,
397,8.00e-02,8.00e-02,0.00e+00,8.00e-02,
398,8.00e-02,8.00e-02,0.00e+00,0.00e+00,
399,8.00e-02,8.00e-02,0.00e+00,8.00e-02,
400,8.00e-02,2.80e+00,8.00e-02,3.20e-01,
401,8.00e-02,2.80e+00,0.00e+00,8.00e-02,
402,8.00e-02,3.44e+00,0.00e+00,8.00e-02,
403,8.00e-02,3.36e+00,0.00e+00,8.00e-02,
404,8.00e-02,3.44e+00,0.00e+00,8.00e-02,
405,8.00e-02,3.44e+00,0.00e+00,8.00e-02,
406,8.00e-02,3.44e+00,0.00e+00,8.00e-02,
407,8.00e-02,3.36e+00,0.00e+00,8.00e-02,
408,8.00e-02,3.36e+00,0.00e+00,0.00e+00,
409,8.00e-02,3.36e+00,0.00e+00,0.00e+00,
410,8.00e-02,3.36e+00,0.00e+00,0.00e+00,
411,8.00e-02,3.44e+00,0.00e+00,8.00e-02,
412,8.00e-02,3.28e+00,0.00e+00,0.00e+00,
413,8.00e-02,3.28e+00,0.00e+00,0.00e+00,
414,8.00e-02,3.28e+00,0.00e+00,8.00e-02,
415,8.00e-02,3.28e+00,0.00e+00,8.00e-02,
416,8.00e-02,3.28e+00,0.00e+00,8.00e-02,
417,8.00e-02,3.28e+00,0.00e+00,8.00e-02,
418,8.00e-02,4.80e-01,0.00e+00,8.00e-02,
419,8.00e-02,4.00e-01,0.00e+00,8.00e-02,
420,8.00e-02,8.00e-02,0.00e+00,0.00e+00,
421,8.00e-02,0.00e+00,0.00e+00,0.00e+00,
422,8.00e-02,8.00e-02,0.00e+00,8.00e-02,
423,8.00e-02,8.00e-02,0.00e+00,8.00e-02,
424,8.00e-02,0.00e+00,0.00e+00,8.00e-02,
425,8.00e-02,0.00e+00,0.00e+00,8.00e-02,
426,8.00e-02,8.00e-02,0.00e+00,8.00e-02,
427,8.00e-02,8.00e-02,0.00e+00,8.00e-02,
428,8.00e-02,8.00e-02,0.00e+00,8.00e-02,
429,8.00e-02,8.00e-02,0.00e+00,8.00e-02,
430,8.00e-02,8.00e-02,0.00e+00,8.00e-02,
431,8.00e-02,8.00e-02,0.00e+00,8.00e-02,
432,8.00e-02,8.00e-02,0.00e+00,8.00e-02,
433,1.60e-01,8.00e-02,0.00e+00,8.00e-02,
434,8.00e-02,8.00e-02,0.00e+00,8.00e-02,
435,8.00e-02,8.00e-02,0.00e+00,8.00e-02,
436,8.00e-02,3.36e+00,0.00e+00,8.00e-02,
437,8.00e-02,3.44e+00,0.00e+00,8.00e-02,
438,8.00e-02,3.44e+00,0.00e+00,0.00e+00,
439,8.00e-02,3.36e+00,0.00e+00,0.00e+00,
440,1.60e-01,3.44e+00,0.00e+00,8.00e-02,
441,1.60e-01,3.44e+00,0.00e+00,0.00e+00,
442,8.00e-02,3.36e+00,0.00e+00,0.00e+00,
443,8.00e-02,3.44e+00,0.00e+00,0.00e+00,
444,8.00e-02,3.36e+00,0.00e+00,0.00e+00,
445,8.00e-02,3.36e+00,0.00e+00,8.00e-02,
446,8.00e-02,3.36e+00,0.00e+00,0.00e+00,
447,8.00e-02,3.36e+00,0.00e+00,0.00e+00,
448,8.00e-02,3.20e+00,0.00e+00,0.00e+00,
449,8.00e-02,3.20e+00,0.00e+00,0.00e+00,
450,8.00e-02,3.20e+00,0.00e+00,8.00e-02,
451,1.60e-01,3.28e+00,0.00e+00,0.00e+00,
452,8.00e-02,3.28e+00,0.00e+00,8.00e-02,
453,8.00e-02,3.28e+00,1.60e-01,1.60e-01,
454,8.00e-02,8.00e-02,0.00e+00,0.00e+00,
455,8.00e-02,0.00e+00,8.00e-02,8.00e-02,
456,8.00e-02,0.00e+00,0.00e+00,0.00e+00,
457,8.00e-02,0.00e+00,0.00e+00,8.00e-02,
458,8.00e-02,8.00e-02,0.00e+00,0.00e+00,
459,8.00e-02,8.00e-02,0.00e+00,8.00e-02,
460,1.60e-01,8.00e-02,0.00e+00,8.00e-02,
461,8.00e-02,8.00e-02,0.00e+00,8.00e-02,
462,8.00e-02,8.00e-02,0.00e+00,0.00e+00,
463,8.00e-02,8.00e-02,0.00e+00,0.00e+00,
464,8.00e-02,8.00e-02,0.00e+00,8.00e-02,
465,1.60e-01,8.00e-02,0.00e+00,8.00e-02,
466,8.00e-02,8.00e-02,0.00e+00,8.00e-02,
467,8.00e-02,8.00e-02,0.00e+00,8.00e-02,
468,8.00e-02,8.00e-02,0.00e+00,0.00e+00,
469,1.60e-01,0.00e+00,0.00e+00,8.00e-02,
470,8.00e-02,0.00e+00,0.00e+00,8.00e-02,
471,8.00e-02,8.00e-02,1.60e-01,2.40e-01,
472,8.00e-02,3.52e+00,0.00e+00,8.00e-02,
473,1.60e-01,3.52e+00,1.60e-01,8.00e-02,
474,8.00e-02,3.44e+00,0.00e+00,8.00e-02,
475,8.00e-02,3.44e+00,0.00e+00,8.00e-02,
476,8.00e-02,3.36e+00,0.00e+00,8.00e-02,
477,8.00e-02,3.44e+00,0.00e+00,8.00e-02,
478,8.00e-02,3.44e+00,0.00e+00,8.00e-02,
479,8.00e-02,3.44e+00,0.00e+00,8.00e-02,
480,8.00e-02,3.44e+00,0.00e+00,0.00e+00,
481,8.00e-02,3.36e+00,0.00e+00,0.00e+00,
482,1.60e-01,3.36e+00,0.00e+00,0.00e+00,
483,8.00e-02,3.44e+00,0.00e+00,8.00e-02,
484,8.00e-02,3.36e+00,0.00e+00,0.00e+00,
485,8.00e-02,3.36e+00,0.00e+00,0.00e+00,
486,8.00e-02,3.36e+00,0.00e+00,0.00e+00,
487,8.00e-02,3.36e+00,0.00e+00,8.00e-02,
488,8.00e-02,3.28e+00,0.00e+00,8.00e-02,
489,8.00e-02,3.28e+00,-1.60e-01,-8.00e-02,
490,1.60e-01,1.60e-01,1.60e-01,1.60e-01,
491,8.00e-02,1.60e-01,0.00e+00,0.00e+00,
492,8.00e-02,0.00e+00,0.00e+00,0.00e+00,
493,8.00e-02,0.00e+00,0.00e+00,8.00e-02,
494,1.60e-01,0.00e+00,0.00e+00,8.00e-02,
495,1.60e-01,8.00e-02,0.00e+00,8.00e-02,
496,8.00e-02,8.00e-02,0.00e+00,8.00e-02,
497,8.00e-02,0.00e+00,0.00e+00,0.00e+00,
498,1.60e-01,8.00e-02,0.00e+00,8.00e-02,
499,8.00e-02,8.00e-02,0.00e+00,0.00e+00,
500,8.00e-02,8.00e-02,0.00e+00,0.00e+00,
501,8.00e-02,8.00e-02,0.00e+00,8.00e-02,
502,8.00e-02,8.00e-02,0.00e+00,8.00e-02,
503,8.00e-02,8.00e-02,0.00e+00,8.00e-02,
504,8.00e-02,0.00e+00,0.00e+00,8.00e-02,
505,8.00e-02,0.00e+00,0.00e+00,8.00e-02,
506,8.00e-02,8.00e-02,0.00e+00,0.00e+00,
507,8.00e-02,8.00e-02,0.00e+00,-8.00e-02,
508,8.00e-02,3.52e+00,1.60e-01,1.60e-01,
509,8.00e-02,3.52e+00,0.00e+00,8.00e-02,
510,8.00e-02,3.36e+00,0.00e+00,8.00e-02,
511,8.00e-02,3.36e+00,0.00e+00,8.00e-02,
512,8.00e-02,3.36e+00,0.00e+00,8.00e-02,
513,8.00e-02,3.44e+00,0.00e+00,8.00e-02,
514,8.00e-02,3.36e+00,0.00e+00,8.00e-02,
515,8.00e-02,3.44e+00,0.00e+00,8.00e-02,
516,8.00e-02,3.44e+00,0.00e+00,8.00e-02,
517,8.00e-02,3.36e+00,0.00e+00,8.00e-02,
518,8.00e-02,3.44e+00,0.00e+00,8.00e-02,
519,8.00e-02,3.44e+00,0.00e+00,0.00e+00,
520,8.00e-02,3.44e+00,0.00e+00,0.00e+00,
521,8.00e-02,3.36e+00,0.00e+00,8.00e-02,
522,8.00e-02,3.28e+00,0.00e+00,8.00e-02,
523,8.00e-02,3.20e+00,0.00e+00,8.00e-02,
524,8.00e-02,2.72e+00,6.40e-01,1.60e-01,
525,1.60e-01,2.72e+00,3.60e+00,3.28e+00,
526,8.00e-02,0.00e+00,3.44e+00,3.36e+00,
527,8.00e-02,8.00e-02,3.44e+00,3.36e+00,
528,8.00e-02,8.00e-02,3.44e+00,3.36e+00,
529,8.00e-02,8.00e-02,3.28e+00,3.36e+00,
530,8.00e-02,8.00e-02,3.28e+00,3.36e+00,
531,8.00e-02,8.00e-02,3.28e+00,3.36e+00,
532,1.60e-01,8.00e-02,3.36e+00,3.36e+00,
533,1.60e-01,0.00e+00,3.28e+00,3.36e+00,
534,1.60e-01,8.00e-02,3.36e+00,3.36e+00,
535,8.00e-02,8.00e-02,3.28e+00,3.36e+00,
536,8.00e-02,8.00e-02,3.36e+00,3.36e+00,
537,8.00e-02,8.00e-02,3.28e+00,3.36e+00,
538,8.00e-02,8.00e-02,3.28e+00,3.36e+00,
539,8.00e-02,8.00e-02,3.28e+00,3.28e+00,
540,8.00e-02,8.00e-02,3.28e+00,3.36e+00,
541,8.00e-02,8.00e-02,3.28e+00,3.28e+00,
542,8.00e-02,2.16e+00,3.28e+00,3.44e+00,
543,8.00e-02,2.16e+00,3.20e+00,3.36e+00,
544,8.00e-02,3.44e+00,3.20e+00,3.28e+00,
545,8.00e-02,3.36e+00,3.20e+00,3.36e+00,
546,8.00e-02,3.36e+00,3.28e+00,3.28e+00,
547,8.00e-02,3.44e+00,3.28e+00,3.28e+00,
548,8.00e-02,3.36e+00,3.28e+00,3.28e+00,
549,8.00e-02,3.36e+00,3.28e+00,3.28e+00,
550,8.00e-02,3.36e+00,3.28e+00,3.28e+00,
551,8.00e-02,3.36e+00,3.36e+00,3.28e+00,
552,8.00e-02,3.36e+00,3.36e+00,3.36e+00,
553,8.00e-02,3.44e+00,3.36e+00,3.36e+00,
554,8.00e-02,3.28e+00,3.36e+00,3.36e+00,
555,8.00e-02,3.28e+00,3.28e+00,3.36e+00,
556,8.00e-02,3.36e+00,3.28e+00,3.36e+00,
557,8.00e-02,3.36e+00,3.28e+00,3.28e+00,
558,8.00e-02,3.28e+00,3.36e+00,3.28e+00,
559,8.00e-02,3.28e+00,3.36e+00,3.36e+00,
560,8.00e-02,3.20e-01,3.20e+00,4.00e-01,
561,1.60e-01,3.20e-01,3.28e+00,1.60e-01,
562,1.60e-01,8.00e-02,3.20e+00,0.00e+00,
563,1.60e-01,8.00e-02,3.20e+00,8.00e-02,
564,1.60e-01,8.00e-02,3.20e+00,0.00e+00,
565,8.00e-02,8.00e-02,3.20e+00,8.00e-02,
566,8.00e-02,8.00e-02,3.36e+00,8.00e-02,
567,8.00e-02,8.00e-02,3.36e+00,8.00e-02,
568,8.00e-02,8.00e-02,3.36e+00,8.00e-02,
569,8.00e-02,0.00e+00,3.28e+00,8.00e-02,
570,8.00e-02,0.00e+00,3.36e+00,8.00e-02,
571,8.00e-02,8.00e-02,3.28e+00,0.00e+00,
572,8.00e-02,8.00e-02,3.28e+00,8.00e-02,
573,8.00e-02,8.00e-02,3.28e+00,0.00e+00,
574,8.00e-02,8.00e-02,3.28e+00,8.00e-02,
575,8.00e-02,8.00e-02,3.28e+00,8.00e-02,
576,8.00e-02,8.00e-02,3.28e+00,8.00e-02,
577,8.00e-02,8.00e-02,3.28e+00,8.00e-02,
578,8.00e-02,3.28e+00,3.20e+00,-8.00e-02,
579,1.60e-01,3.28e+00,3.20e+00,0.00e+00,
580,1.60e-01,3.36e+00,3.20e+00,0.00e+00,
581,8.00e-02,3.36e+00,3.36e+00,8.00e-02,
582,8.00e-02,3.44e+00,3.20e+00,0.00e+00,
583,8.00e-02,3.44e+00,3.36e+00,0.00e+00,
584,8.00e-02,3.44e+00,3.36e+00,0.00e+00,
585,8.00e-02,3.44e+00,3.36e+00,8.00e-02,
586,8.00e-02,3.36e+00,3.36e+00,0.00e+00,
587,8.00e-02,3.36e+00,3.36e+00,8.00e-02,
588,8.00e-02,3.44e+00,3.28e+00,8.00e-02,
589,8.00e-02,3.36e+00,3.28e+00,8.00e-02,
590,8.00e-02,3.44e+00,3.28e+00,0.00e+00,
591,8.00e-02,3.44e+00,3.28e+00,8.00e-02,
592,8.00e-02,3.28e+00,3.28e+00,8.00e-02,
593,8.00e-02,3.28e+00,3.28e+00,8.00e-02,
594,8.00e-02,3.28e+00,3.28e+00,8.00e-02,
595,8.00e-02,3.28e+00,3.28e+00,0.00e+00,
596,8.00e-02,1.60e-01,3.20e+00,0.00e+00,
597,8.00e-02,1.60e-01,3.36e+00,8.00e-02,
598,8.00e-02,8.00e-02,3.28e+00,0.00e+00,
599,8.00e-02,0.00e+00,3.36e+00,8.00e-02,
600,8.00e-02,0.00e+00,3.28e+00,0.00e+00,
601,8.00e-02,0.00e+00,3.28e+00,0.00e+00,
602,8.00e-02,0.00e+00,3.28e+00,8.00e-02,
603,8.00e-02,8.00e-02,3.28e+00,0.00e+00,
604,8.00e-02,8.00e-02,3.36e+00,0.00e+00,
605,8.00e-02,0.00e+00,3.36e+00,0.00e+00,
606,1.60e-01,0.00e+00,3.28e+00,8.00e-02,
607,8.00e-02,8.00e-02,3.36e+00,8.00e-02,
608,8.00e-02,8.00e-02,3.28e+00,8.00e-02,
609,8.00e-02,0.00e+00,3.36e+00,0.00e+00,
610,8.00e-02,8.00e-02,3.36e+00,0.00e+00,
611,8.00e-02,8.00e-02,3.36e+00,0.00e+00,
612,8.00e-02,0.00e+00,3.36e+00,8.00e-02,
613,8.00e-02,8.00e-02,3.36e+00,8.00e-02,
614,8.00e-02,8.00e-02,3.28e+00,8.00e-02,
615,1.60e-01,8.00e-02,3.36e+00,8.00e-02,
616,1.60e-01,8.00e-02,3.36e+00,8.00e-02,
617,8.00e-02,0.00e+00,3.28e+00,8.00e-02,
618,8.00e-02,1.60e+00,3.20e+00,-8.00e-02,
619,8.00e-02,1.60e+00,3.20e+00,1.60e-01,
620,8.00e-02,3.44e+00,3.12e+00,8.00e-02,
621,8.00e-02,3.52e+00,3.20e+00,8.00e-02,
622,8.00e-02,3.36e+00,3.28e+00,2.40e-01,
623,8.00e-02,3.44e+00,3.28e+00,8.00e-02,
624,8.00e-02,3.44e+00,3.28e+00,0.00e+00,
625,8.00e-02,3.36e+00,3.28e+00,0.00e+00,
626,8.00e-02,3.36e+00,3.28e+00,0.00e+00,
627,8.00e-02,3.36e+00,3.28e+00,0.00e+00,
628,1.60e-01,3.36e+00,3.28e+00,8.00e-02,
629,1.60e-01,3.36e+00,3.28e+00,0.00e+00,
630,1.60e-01,3.28e+00,3.28e+00,8.00e-02,
631,1.60e-01,3.28e+00,3.28e+00,8.00e-02,
632,1.60e-01,3.28e+00,3.28e+00,8.00e-02,
633,1.60e-01,3.28e+00,3.28e+00,8.00e-02,
634,8.00e-02,3.28e+00,3.28e+00,0.00e+00,
635,8.00e-02,3.28e+00,3.28e+00,8.00e-02,
636,8.00e-02,6.40e-01,3.20e+00,-8.00e-02,
637,8.00e-02,7.20e-01,3.28e+00,8.00e-02,
638,8.00e-02,8.00e-02,3.28e+00,0.00e+00,
639,8.00e-02,8.00e-02,3.28e+00,8.00e-02,
640,8.00e-02,8.00e-02,3.28e+00,8.00e-02,
641,8.00e-02,8.00e-02,3.36e+00,8.00e-02,
642,8.00e-02,8.00e-02,3.28e+00,8.00e-02,
643,8.00e-02,8.00e-02,3.28e+00,0.00e+00,
644,8.00e-02,8.00e-02,3.28e+00,8.00e-02,
645,8.00e-02,8.00e-02,3.28e+00,8.00e-02,
646,8.00e-02,0.00e+00,3.36e+00,8.00e-02,
647,8.00e-02,8.00e-02,3.36e+00,8.00e-02,
648,8.00e-02,8.00e-02,3.28e+00,8.00e-02,
649,8.00e-02,8.00e-02,3.28e+00,8.00e-02,
650,8.00e-02,8.00e-02,3.28e+00,8.00e-02,
651,8.00e-02,8.00e-02,3.36e+00,8.00e-02,
652,1.60e-01,8.00e-02,3.36e+00,8.00e-02,
653,1.60e-01,8.00e-02,3.36e+00,8.00e-02,
654,8.00e-02,3.20e+00,3.20e+00,8.00e-02,
655,8.00e-02,3.12e+00,3.20e+00,8.00e-02,
656,8.00e-02,3.44e+00,3.36e+00,0.00e+00,
657,8.00e-02,3.36e+00,3.28e+00,8.00e-02,
658,8.00e-02,3.44e+00,3.36e+00,8.00e-02,
659,8.00e-02,3.36e+00,3.36e+00,8.00e-02,
660,8.00e-02,3.36e+00,3.28e+00,0.00e+00,
661,8.00e-02,3.36e+00,3.28e+00,8.00e-02,
662,8.00e-02,3.36e+00,3.28e+00,8.00e-02,
663,1.60e-01,3.36e+00,3.28e+00,8.00e-02,
664,1.60e-01,3.44e+00,3.28e+00,8.00e-02,
665,8.00e-02,3.44e+00,3.28e+00,8.00e-02,
666,8.00e-02,3.28e+00,3.28e+00,8.00e-02,
667,1.60e-01,3.28e+00,3.28e+00,8.00e-02,
668,1.60e-01,3.28e+00,3.28e+00,0.00e+00,
669,8.00e-02,3.28e+00,3.36e+00,8.00e-02,
670,8.00e-02,3.28e+00,3.28e+00,8.00e-02,
671,8.00e-02,3.28e+00,3.36e+00,8.00e-02,
672,8.00e-02,3.20e-01,3.20e+00,1.60e-01,
673,8.00e-02,3.20e-01,3.28e+00,8.00e-02,
674,8.00e-02,8.00e-02,3.28e+00,8.00e-02,
675,8.00e-02,8.00e-02,3.36e+00,8.00e-02,
676,8.00e-02,8.00e-02,3.36e+00,8.00e-02,
677,8.00e-02,0.00e+00,3.28e+00,8.00e-02,
678,8.00e-02,0.00e+00,3.28e+00,8.00e-02,
679,8.00e-02,8.00e-02,3.28e+00,8.00e-02,
680,1.60e-01,8.00e-02,3.28e+00,8.00e-02,
681,8.00e-02,8.00e-02,3.28e+00,0.00e+00,
682,8.00e-02,8.00e-02,3.28e+00,8.00e-02,
683,8.00e-02,8.00e-02,3.36e+00,0.00e+00,
684,8.00e-02,8.00e-02,3.36e+00,8.00e-02,
685,8.00e-02,8.00e-02,3.36e+00,0.00e+00,
686,8.00e-02,8.00e-02,3.28e+00,0.00e+00,
687,8.00e-02,8.00e-02,3.28e+00,0.00e+00,
688,8.00e-02,8.00e-02,3.28e+00,8.00e-02,
689,1.60e-01,8.00e-02,3.12e+00,-2.40e-01,
690,8.00e-02,3.52e+00,3.20e+00,1.60e-01,
691,8.00e-02,3.52e+00,3.20e+00,8.00e-02,
692,8.00e-02,3.36e+00,3.20e+00,8.00e-02,
693,8.00e-02,3.36e+00,3.20e+00,8.00e-02,
694,8.00e-02,3.36e+00,3.36e+00,8.00e-02,
695,1.60e-01,3.36e+00,3.36e+00,8.00e-02,
696,1.60e-01,3.36e+00,3.28e+00,8.00e-02,
697,1.60e-01,3.36e+00,3.36e+00,0.00e+00,
698,1.60e-01,3.44e+00,3.36e+00,0.00e+00,
699,1.60e-01,3.44e+00,3.28e+00,8.00e-02,
700,1.60e-01,3.28e+00,3.28e+00,0.00e+00,
701,1.60e-01,3.28e+00,3.28e+00,0.00e+00,
702,1.60e-01,3.28e+00,3.28e+00,0.00e+00,
703,8.00e-02,3.28e+00,3.36e+00,0.00e+00,
704,8.00e-02,3.28e+00,3.28e+00,8.00e-02,
705,8.00e-02,3.28e+00,3.28e+00,8.00e-02,
706,8.00e-02,3.28e+00,3.28e+00,8.00e-02,
707,-8.00e-02,3.28e+00,8.80e-01,-8.00e-02,
708,8.00e-02,-8.00e-02,0.00e+00,-8.00e-02,
709,8.00e-02,0.00e+00,1.60e-01,1.60e-01,
710,8.00e-02,8.00e-02,0.00e+00,0.00e+00,
711,8.00e-02,8.00e-02,0.00e+00,8.00e-02,
712,1.60e-01,8.00e-02,0.00e+00,8.00e-02,
713,8.00e-02,8.00e-02,0.00e+00,8.00e-02,
714,8.00e-02,8.00e-02,0.00e+00,8.00e-02,
715,8.00e-02,8.00e-02,0.00e+00,8.00e-02,
716,8.00e-02,8.00e-02,0.00e+00,8.00e-02,
717,8.00e-02,8.00e-02,0.00e+00,0.00e+00,
718,8.00e-02,8.00e-02,0.00e+00,8.00e-02,
719,1.60e-01,0.00e+00,0.00e+00,0.00e+00,
720,1.60e-01,8.00e-02,0.00e+00,8.00e-02,
721,1.60e-01,8.00e-02,0.00e+00,0.00e+00,
722,1.60e-01,0.00e+00,0.00e+00,0.00e+00,
723,8.00e-02,8.00e-02,0.00e+00,8.00e-02,
724,8.00e-02,8.00e-02,0.00e+00,8.00e-02,
725,1.60e-01,8.00e-02,8.00e-02,1.60e-01,
726,1.60e-01,3.52e+00,0.00e+00,0.00e+00,
727,8.00e-02,3.52e+00,0.00e+00,8.00e-02,
728,8.00e-02,3.36e+00,0.00e+00,8.00e-02,
729,8.00e-02,3.36e+00,0.00e+00,8.00e-02,
730,8.00e-02,3.36e+00,0.00e+00,0.00e+00,
731,8.00e-02,3.36e+00,0.00e+00,8.00e-02,
732,8.00e-02,3.44e+00,0.00e+00,0.00e+00,
733,8.00e-02,3.44e+00,0.00e+00,8.00e-02,
734,8.00e-02,3.44e+00,0.00e+00,0.00e+00,
735,1.60e-01,3.44e+00,0.00e+00,8.00e-02,
736,1.60e-01,3.36e+00,0.00e+00,0.00e+00,
737,1.60e-01,3.36e+00,0.00e+00,8.00e-02,
738,8.00e-02,3.28e+00,0.00e+00,0.00e+00,
739,8.00e-02,3.28e+00,0.00e+00,0.00e+00,
740,8.00e-02,3.28e+00,0.00e+00,8.00e-02,
741,8.00e-02,3.28e+00,0.00e+00,8.00e-02,
742,8.00e-02,3.36e+00,0.00e+00,8.00e-02,
743,8.00e-02,3.44e+00,3.28e+00,8.00e-02,
744,8.00e-02,8.00e-02,3.44e+00,8.00e-02,
745,8.00e-02,8.00e-02,3.44e+00,8.00e-02,
746,8.00e-02,8.00e-02,3.28e+00,8.00e-02,
747,1.60e-01,8.00e-02,3.36e+00,0.00e+00,
748,1.60e-01,8.00e-02,3.36e+00,8.00e-02,
749,1.60e-01,8.00e-02,3.28e+00,8.00e-02,
750,8.00e-02,8.00e-02,3.36e+00,8.00e-02,
751,8.00e-02,8.00e-02,3.28e+00,0.00e+00,
752,8.00e-02,8.00e-02,3.28e+00,0.00e+00,
753,8.00e-02,8.00e-02,3.28e+00,8.00e-02,
754,8.00e-02,0.00e+00,3.28e+00,8.00e-02,
755,8.00e-02,8.00e-02,3.28e+00,8.00e-02,
756,8.00e-02,8.00e-02,3.36e+00,8.00e-02,
757,8.00e-02,8.00e-02,3.28e+00,0.00e+00,
758,8.00e-02,8.00e-02,3.36e+00,8.00e-02,
759,8.00e-02,8.00e-02,3.28e+00,8.00e-02,
760,0.00e+00,3.20e-01,3.12e+00,0.00e+00,
761,8.00e-02,3.20e-01,3.28e+00,2.40e-01,
762,8.00e-02,3.44e+00,3.20e+00,8.00e-02,
763,8.00e-02,3.36e+00,3.20e+00,0.00e+00,
764,8.00e-02,3.44e+00,3.28e+00,8.00e-02,
765,8.00e-02,3.44e+00,3.28e+00,8.00e-02,
766,8.00e-02,3.44e+00,3.28e+00,8.00e-02,
767,8.00e-02,3.44e+00,3.28e+00,8.00e-02,
768,8.00e-02,3.44e+00,3.28e+00,0.00e+00,
769,8.00e-02,3.36e+00,3.36e+00,8.00e-02,
770,8.00e-02,3.36e+00,3.28e+00,8.00e-02,
771,8.00e-02,3.36e+00,3.28e+00,8.00e-02,
772,8.00e-02,3.20e+00,3.28e+00,8.00e-02,
773,8.00e-02,3.28e+00,3.36e+00,0.00e+00,
774,8.00e-02,3.28e+00,3.28e+00,0.00e+00,
775,8.00e-02,3.20e+00,3.36e+00,8.00e-02,
776,8.00e-02,3.36e+00,3.28e+00,8.00e-02,
777,8.00e-02,3.44e+00,3.28e+00,8.00e-02,
778,8.00e-02,1.60e+00,1.36e+00,1.60e-01,
779,8.00e-02,1.52e+00,-1.60e-01,-8.00e-02,
780,8.00e-02,8.00e-02,0.00e+00,8.00e-02,
781,8.00e-02,8.00e-02,0.00e+00,0.00e+00,
782,8.00e-02,8.00e-02,0.00e+00,0.00e+00,
783,8.00e-02,0.00e+00,0.00e+00,8.00e-02,
784,8.00e-02,8.00e-02,0.00e+00,0.00e+00,
785,8.00e-02,8.00e-02,0.00e+00,8.00e-02,
786,8.00e-02,8.00e-02,0.00e+00,8.00e-02,
787,8.00e-02,8.00e-02,0.00e+00,8.00e-02,
788,8.00e-02,8.00e-02,0.00e+00,8.00e-02,
789,8.00e-02,8.00e-02,0.00e+00,0.00e+00,
790,8.00e-02,8.00e-02,0.00e+00,0.00e+00,
791,8.00e-02,8.00e-02,0.00e+00,0.00e+00,
792,8.00e-02,8.00e-02,0.00e+00,8.00e-02,
793,8.00e-02,8.00e-02,0.00e+00,0.00e+00,
794,8.00e-02,8.00e-02,0.00e+00,8.00e-02,
795,8.00e-02,8.00e-02,0.00e+00,8.00e-02,
796,8.00e-02,2.88e+00,8.00e-02,3.20e-01,
797,8.00e-02,2.96e+00,0.00e+00,8.00e-02,
798,8.00e-02,3.36e+00,0.00e+00,8.00e-02,
799,8.00e-02,3.44e+00,0.00e+00,8.00e-02,
800,8.00e-02,3.36e+00,0.00e+00,8.00e-02,
801,8.00e-02,3.36e+00,0.00e+00,8.00e-02,
802,8.00e-02,3.36e+00,0.00e+00,0.00e+00,
803,8.00e-02,3.36e+00,0.00e+00,8.00e-02,
804,8.00e-02,3.36e+00,0.00e+00,0.00e+00,
805,8.00e-02,3.36e+00,0.00e+00,8.00e-02,
806,8.00e-02,3.36e+00,0.00e+00,0.00e+00,
807,8.00e-02,3.36e+00,0.00e+00,8.00e-02,
808,8.00e-02,3.36e+00,0.00e+00,8.00e-02,
809,8.00e-02,3.36e+00,0.00e+00,8.00e-02,
810,8.00e-02,3.36e+00,0.00e+00,8.00e-02,
811,8.00e-02,3.36e+00,0.00e+00,8.00e-02,
812,8.00e-02,3.28e+00,0.00e+00,8.00e-02,
813,8.00e-02,3.28e+00,0.00e+00,8.00e-02,
814,8.00e-02,4.80e-01,0.00e+00,3.12e+00,
815,8.00e-02,4.00e-01,0.00e+00,3.36e+00,
816,8.00e-02,0.00e+00,0.00e+00,3.36e+00,
817,8.00e-02,8.00e-02,0.00e+00,3.36e+00,
818,8.00e-02,8.00e-02,0.00e+00,3.28e+00,
819,8.00e-02,8.00e-02,0.00e+00,3.28e+00,
820,8.00e-02,8.00e-02,0.00e+00,3.28e+00,
821,8.00e-02,8.00e-02,0.00e+00,3.28e+00,
822,8.00e-02,8.00e-02,0.00e+00,3.36e+00,
823,8.00e-02,8.00e-02,0.00e+00,3.28e+00,
824,8.00e-02,8.00e-02,0.00e+00,3.36e+00,
825,8.00e-02,0.00e+00,0.00e+00,3.28e+00,
826,8.00e-02,8.00e-02,0.00e+00,3.36e+00,
827,8.00e-02,8.00e-02,0.00e+00,3.28e+00,
828,1.60e-01,8.00e-02,0.00e+00,3.28e+00,
829,1.60e-01,8.00e-02,0.00e+00,3.36e+00,
830,8.00e-02,8.00e-02,0.00e+00,3.28e+00,
831,8.00e-02,8.00e-02,0.00e+00,3.36e+00,
832,8.00e-02,3.44e+00,0.00e+00,3.36e+00,
833,8.00e-02,3.44e+00,0.00e+00,3.36e+00,
834,8.00e-02,3.44e+00,0.00e+00,3.36e+00,
835,1.60e-01,3.44e+00,0.00e+00,3.36e+00,
836,8.00e-02,3.44e+00,0.00e+00,3.28e+00,
837,8.00e-02,3.44e+00,0.00e+00,3.28e+00,
838,8.00e-02,3.36e+00,0.00e+00,3.36e+00,
839,8.00e-02,3.44e+00,0.00e+00,3.28e+00,
840,8.00e-02,3.44e+00,0.00e+00,3.36e+00,
841,8.00e-02,3.36e+00,0.00e+00,3.28e+00,
842,8.00e-02,3.36e+00,0.00e+00,3.36e+00,
843,8.00e-02,3.36e+00,0.00e+00,3.36e+00,
844,8.00e-02,3.36e+00,0.00e+00,3.36e+00,
845,8.00e-02,3.36e+00,0.00e+00,3.36e+00,
846,8.00e-02,3.28e+00,0.00e+00,3.36e+00,
847,8.00e-02,3.20e+00,0.00e+00,3.36e+00,
848,8.00e-02,3.36e+00,0.00e+00,3.36e+00,
849,8.00e-02,3.36e+00,8.00e-02,3.52e+00,
850,8.00e-02,0.00e+00,0.00e+00,3.20e+00,
851,8.00e-02,-8.00e-02,0.00e+00,3.36e+00,
852,8.00e-02,8.00e-02,0.00e+00,3.36e+00,
853,8.00e-02,8.00e-02,0.00e+00,3.36e+00,
854,8.00e-02,0.00e+00,0.00e+00,3.36e+00,
855,8.00e-02,8.00e-02,0.00e+00,3.28e+00,
856,8.00e-02,8.00e-02,0.00e+00,3.36e+00,
857,8.00e-02,8.00e-02,0.00e+00,3.36e+00,
858,8.00e-02,8.00e-02,0.00e+00,3.36e+00,
859,8.00e-02,8.00e-02,0.00e+00,3.36e+00,
860,8.00e-02,8.00e-02,0.00e+00,3.36e+00,
861,8.00e-02,8.00e-02,0.00e+00,3.36e+00,
862,8.00e-02,0.00e+00,0.00e+00,3.36e+00,
863,8.00e-02,8.00e-02,0.00e+00,3.28e+00,
864,8.00e-02,8.00e-02,0.00e+00,3.36e+00,
865,8.00e-02,8.00e-02,0.00e+00,3.28e+00,
866,8.00e-02,8.00e-02,0.00e+00,3.28e+00,
867,8.00e-02,8.00e-02,8.00e-02,3.52e+00,
868,8.00e-02,3.52e+00,0.00e+00,3.36e+00,
869,8.00e-02,3.52e+00,1.60e-01,3.36e+00,
870,8.00e-02,3.36e+00,0.00e+00,3.36e+00,
871,8.00e-02,3.36e+00,0.00e+00,3.36e+00,
872,8.00e-02,3.44e+00,0.00e+00,3.28e+00,
873,8.00e-02,3.36e+00,0.00e+00,3.28e+00,
874,8.00e-02,3.44e+00,0.00e+00,3.36e+00,
875,8.00e-02,3.44e+00,0.00e+00,3.36e+00,
876,8.00e-02,3.44e+00,0.00e+00,3.36e+00,
877,8.00e-02,3.36e+00,0.00e+00,3.36e+00,
878,8.00e-02,3.44e+00,0.00e+00,3.36e+00,
879,8.00e-02,3.44e+00,0.00e+00,3.36e+00,
880,8.00e-02,3.28e+00,0.00e+00,3.36e+00,
881,8.00e-02,3.28e+00,0.00e+00,3.36e+00,
882,8.00e-02,3.36e+00,0.00e+00,3.36e+00,
883,8.00e-02,3.36e+00,0.00e+00,3.36e+00,
884,8.00e-02,3.28e+00,0.00e+00,3.36e+00,
885,8.00e-02,3.28e+00,2.96e+00,2.40e-01,
886,1.60e-01,8.00e-02,3.20e+00,0.00e+00,
887,8.00e-02,0.00e+00,3.20e+00,0.00e+00,
888,8.00e-02,8.00e-02,3.20e+00,0.00e+00,
889,8.00e-02,8.00e-02,3.20e+00,0.00e+00,
890,8.00e-02,8.00e-02,3.20e+00,0.00e+00,
891,8.00e-02,8.00e-02,3.20e+00,8.00e-02,
892,8.00e-02,8.00e-02,3.20e+00,8.00e-02,
893,8.00e-02,8.00e-02,3.20e+00,8.00e-02,
894,8.00e-02,0.00e+00,6.40e-01,-8.00e-02,
895,1.60e-01,0.00e+00,0.00e+00,0.00e+00,
896,1.60e-01,8.00e-02,0.00e+00,0.00e+00,
897,1.60e-01,8.00e-02,0.00e+00,0.00e+00,
898,1.60e-01,8.00e-02,0.00e+00,8.00e-02,
899,8.00e-02,8.00e-02,0.00e+00,8.00e-02,
900,8.00e-02,8.00e-02,0.00e+00,8.00e-02,
901,8.00e-02,8.00e-02,0.00e+00,8.00e-02,
902,8.00e-02,8.00e-02,0.00e+00,8.00e-02,
903,8.00e-02,8.00e-02,0.00e+00,8.00e-02,
904,8.00e-02,0.00e+00,0.00e+00,8.00e-02,
905,8.00e-02,8.00e-02,0.00e+00,8.00e-02,
906,8.00e-02,8.00e-02,0.00e+00,8.00e-02,
907,8.00e-02,8.00e-02,0.00e+00,8.00e-02,
908,1.60e-01,8.00e-02,0.00e+00,8.00e-02,
909,1.60e-01,0.00e+00,0.00e+00,0.00e+00,
910,8.00e-02,0.00e+00,0.00e+00,0.00e+00,
911,8.00e-02,0.00e+00,0.00e+00,8.00e-02,
912,8.00e-02,3.12e+00,0.00e+00,0.00e+00,
913,8.00e-02,3.12e+00,0.00e+00,0.00e+00,
914,1.60e-01,3.36e+00,0.00e+00,8.00e-02,
915,1.60e-01,3.44e+00,0.00e+00,8.00e-02,
916,8.00e-02,3.36e+00,0.00e+00,8.00e-02,
917,8.00e-02,3.44e+00,0.00e+00,8.00e-02,
918,1.60e-01,3.36e+00,0.00e+00,8.00e-02,
919,8.00e-02,3.36e+00,0.00e+00,8.00e-02,
920,8.00e-02,3.36e+00,0.00e+00,0.00e+00,
921,8.00e-02,3.36e+00,0.00e+00,0.00e+00,
922,8.00e-02,3.44e+00,0.00e+00,8.00e-02,
923,8.00e-02,3.36e+00,0.00e+00,8.00e-02,
924,8.00e-02,3.36e+00,0.00e+00,8.00e-02,
925,8.00e-02,3.44e+00,0.00e+00,0.00e+00,
926,8.00e-02,3.36e+00,0.00e+00,8.00e-02,
927,8.00e-02,3.44e+00,0.00e+00,8.00e-02,
928,8.00e-02,3.44e+00,0.00e+00,8.00e-02,
929,8.00e-02,3.44e+00,0.00e+00,8.00e-02,
930,8.00e-02,3.20e-01,1.60e-01,2.40e-01,
931,8.00e-02,3.20e-01,0.00e+00,8.00e-02,
932,8.00e-02,8.00e-02,8.00e-02,8.00e-02,
933,8.00e-02,8.00e-02,0.00e+00,8.00e-02,
934,8.00e-02,8.00e-02,0.00e+00,8.00e-02,
935,8.00e-02,8.00e-02,0.00e+00,8.00e-02,
936,8.00e-02,8.00e-02,0.00e+00,8.00e-02,
937,8.00e-02,8.00e-02,0.00e+00,0.00e+00,
938,8.00e-02,8.00e-02,0.00e+00,8.00e-02,
939,8.00e-02,8.00e-02,0.00e+00,0.00e+00,
940,8.00e-02,8.00e-02,0.00e+00,8.00e-02,
941,8.00e-02,0.00e+00,0.00e+00,8.00e-02,
942,8.00e-02,0.00e+00,0.00e+00,8.00e-02,
943,8.00e-02,8.00e-02,0.00e+00,0.00e+00,
944,8.00e-02,8.00e-02,0.00e+00,8.00e-02,
945,8.00e-02,0.00e+00,0.00e+00,0.00e+00,
946,8.00e-02,0.00e+00,0.00e+00,0.00e+00,
947,8.00e-02,8.00e-02,-1.60e-01,-1.60e-01,
948,8.00e-02,3.52e+00,1.60e-01,1.60e-01,
949,8.00e-02,3.52e+00,0.00e+00,0.00e+00,
950,8.00e-02,3.44e+00,0.00e+00,8.00e-02,
951,8.00e-02,3.36e+00,0.00e+00,0.00e+00,
952,8.00e-02,3.36e+00,0.00e+00,0.00e+00,
953,1.60e-01,3.44e+00,0.00e+00,0.00e+00,
954,1.60e-01,3.44e+00,0.00e+00,0.00e+00,
955,1.60e-01,3.36e+00,0.00e+00,0.00e+00,
956,8.00e-02,3.44e+00,0.00e+00,0.00e+00,
957,8.00e-02,3.36e+00,0.00e+00,0.00e+00,
958,1.60e-01,3.36e+00,0.00e+00,0.00e+00,
959,1.60e-01,3.36e+00,0.00e+00,0.00e+00,
960,1.60e-01,3.36e+00,0.00e+00,8.00e-02,
961,8.00e-02,3.44e+00,0.00e+00,0.00e+00,
962,8.00e-02,3.28e+00,0.00e+00,0.00e+00,
963,8.00e-02,3.28e+00,0.00e+00,0.00e+00,
964,8.00e-02,3.28e+00,0.00e+00,0.00e+00,
965,8.00e-02,3.28e+00,-1.60e-01,-8.00e-02,
966,8.00e-02,0.00e+00,0.00e+00,0.00e+00,
967,8.00e-02,0.00e+00,0.00e+00,8.00e-02,
968,8.00e-02,8.00e-02,0.00e+00,0.00e+00,
969,8.00e-02,8.00e-02,0.00e+00,0.00e+00,
970,8.00e-02,8.00e-02,0.00e+00,8.00e-02,
971,8.00e-02,8.00e-02,0.00e+00,0.00e+00,
972,8.00e-02,0.00e+00,0.00e+00,0.00e+00,
973,8.00e-02,0.00e+00,0.00e+00,0.00e+00,
974,8.00e-02,8.00e-02,0.00e+00,8.00e-02,
975,8.00e-02,8.00e-02,0.00e+00,0.00e+00,
976,8.00e-02,8.00e-02,0.00e+00,0.00e+00,
977,8.00e-02,8.00e-02,0.00e+00,0.00e+00,
978,8.00e-02,8.00e-02,0.00e+00,0.00e+00,
979,8.00e-02,8.00e-02,0.00e+00,0.00e+00,
980,8.00e-02,8.00e-02,0.00e+00,8.00e-02,
981,8.00e-02,8.00e-02,0.00e+00,8.00e-02,
982,8.00e-02,8.00e-02,0.00e+00,8.00e-02,
983,8.00e-02,8.00e-02,8.00e-02,1.60e-01,
984,8.00e-02,3.52e+00,0.00e+00,8.00e-02,
985,8.00e-02,3.52e+00,0.00e+00,0.00e+00,
986,8.00e-02,3.36e+00,0.00e+00,0.00e+00,
987,8.00e-02,3.36e+00,0.00e+00,8.00e-02,
988,8.00e-02,3.36e+00,0.00e+00,8.00e-02,
989,8.00e-02,3.36e+00,0.00e+00,8.00e-02,
990,8.00e-02,3.36e+00,0.00e+00,8.00e-02,
991,8.00e-02,3.36e+00,0.00e+00,0.00e+00,
992,8.00e-02,3.44e+00,0.00e+00,0.00e+00,
993,8.00e-02,3.44e+00,8.00e-02,0.00e+00,
994,8.00e-02,3.44e+00,8.00e-02,0.00e+00,
995,8.00e-02,3.36e+00,8.00e-02,8.00e-02,
996,8.00e-02,3.36e+00,0.00e+00,0.00e+00,
997,8.00e-02,3.44e+00,0.00e+00,0.00e+00,
998,8.00e-02,3.28e+00,0.00e+00,8.00e-02,
999,8.00e-02,3.28e+00,0.00e+00,0.00e+00,
1000,1.60e-01,3.28e+00,0.00e+00,8.00e-02,
1001,8.00e-02,3.28e+00,8.00e-02,1.60e-01,
1002,8.00e-02,8.00e-02,0.00e+00,8.00e-02,
1003,8.00e-02,8.00e-02,0.00e+00,0.00e+00,
1004,8.00e-02,8.00e-02,0.00e+00,0.00e+00,
1005,8.00e-02,8.00e-02,0.00e+00,0.00e+00,
1006,8.00e-02,8.00e-02,0.00e+00,0.00e+00,
1007,8.00e-02,8.00e-02,0.00e+00,8.00e-02,
1008,8.00e-02,8.00e-02,0.00e+00,8.00e-02,
1009,1.60e-01,8.00e-02,0.00e+00,8.00e-02,
1010,1.60e-01,8.00e-02,0.00e+00,8.00e-02,
1011,8.00e-02,8.00e-02,0.00e+00,8.00e-02,
1012,8.00e-02,8.00e-02,0.00e+00,8.00e-02,
1013,8.00e-02,8.00e-02,0.00e+00,8.00e-02,
1014,8.00e-02,8.00e-02,0.00e+00,8.00e-02,
1015,8.00e-02,8.00e-02,0.00e+00,8.00e-02,
1016,1.60e-01,8.00e-02,0.00e+00,8.00e-02,
1017,8.00e-02,8.00e-02,0.00e+00,8.00e-02,
1018,8.00e-02,5.60e-01,-1.60e-01,-8.00e-02,
1019,8.00e-02,5.60e-01,1.60e-01,1.60e-01,
1020,1.60e-01,3.52e+00,0.00e+00,8.00e-02,
1021,1.60e-01,3.52e+00,0.00e+00,8.00e-02,
1022,1.60e-01,3.36e+00,0.00e+00,8.00e-02,
1023,1.60e-01,3.44e+00,0.00e+00,8.00e-02,
1024,1.60e-01,3.44e+00,0.00e+00,8.00e-02,
1025,8.00e-02,3.44e+00,0.00e+00,8.00e-02,
1026,8.00e-02,3.36e+00,0.00e+00,8.00e-02,
1027,8.00e-02,3.44e+00,0.00e+00,8.00e-02,
1028,8.00e-02,3.36e+00,0.00e+00,8.00e-02,
1029,8.00e-02,3.44e+00,0.00e+00,0.00e+00,
1030,8.00e-02,3.28e+00,0.00e+00,0.00e+00,
1031,8.00e-02,3.28e+00,0.00e+00,0.00e+00,
1032,8.00e-02,3.28e+00,0.00e+00,0.00e+00,
1033,8.00e-02,3.28e+00,0.00e+00,0.00e+00,
1034,8.00e-02,3.28e+00,0.00e+00,0.00e+00,
1035,8.00e-02,3.28e+00,0.00e+00,0.00e+00,
1036,8.00e-02,1.36e+00,0.00e+00,8.00e-02,
1037,8.00e-02,1.36e+00,0.00e+00,8.00e-02,
1038,8.00e-02,8.00e-02,1.60e-01,1.60e-01,
1039,8.00e-02,8.00e-02,0.00e+00,0.00e+00,
1040,8.00e-02,8.00e-02,0.00e+00,0.00e+00,
1041,8.00e-02,8.00e-02,0.00e+00,0.00e+00,
1042,8.00e-02,8.00e-02,0.00e+00,0.00e+00,
1043,8.00e-02,8.00e-02,0.00e+00,8.00e-02,
1044,1.60e-01,8.00e-02,0.00e+00,8.00e-02,
1045,8.00e-02,8.00e-02,0.00e+00,8.00e-02,
1046,8.00e-02,8.00e-02,0.00e+00,8.00e-02,
1047,8.00e-02,8.00e-02,0.00e+00,8.00e-02,
1048,8.00e-02,0.00e+00,0.00e+00,8.00e-02,
1049,8.00e-02,0.00e+00,0.00e+00,0.00e+00,
1050,8.00e-02,8.00e-02,0.00e+00,8.00e-02,
1051,8.00e-02,8.00e-02,0.00e+00,8.00e-02,
1052,8.00e-02,0.00e+00,0.00e+00,8.00e-02,
1053,8.00e-02,8.00e-02,0.00e+00,0.00e+00,
1054,8.00e-02,2.96e+00,8.00e-02,2.40e-01,
1055,8.00e-02,2.88e+00,0.00e+00,0.00e+00,
1056,8.00e-02,3.44e+00,0.00e+00,8.00e-02,
1057,8.00e-02,3.44e+00,0.00e+00,0.00e+00,
1058,8.00e-02,3.36e+00,0.00e+00,8.00e-02,
1059,8.00e-02,3.36e+00,0.00e+00,0.00e+00,
1060,8.00e-02,3.36e+00,0.00e+00,8.00e-02,
1061,8.00e-02,3.36e+00,8.00e-02,8.00e-02,
1062,8.00e-02,3.36e+00,8.00e-02,8.00e-02,
1063,8.00e-02,3.36e+00,8.00e-02,8.00e-02,
1064,1.60e-01,3.36e+00,8.00e-02,0.00e+00,
1065,1.60e-01,3.36e+00,0.00e+00,8.00e-02,
1066,8.00e-02,3.28e+00,0.00e+00,8.00e-02,
1067,8.00e-02,3.28e+00,0.00e+00,8.00e-02,
1068,8.00e-02,3.44e+00,0.00e+00,8.00e-02,
1069,8.00e-02,3.36e+00,0.00e+00,0.00e+00,
1070,8.00e-02,3.36e+00,0.00e+00,0.00e+00,
1071,8.00e-02,3.44e+00,0.00e+00,8.00e-02,
1072,8.00e-02,4.00e-01,1.60e-01,1.60e-01,
1073,8.00e-02,4.80e-01,0.00e+00,8.00e-02,
1074,8.00e-02,8.00e-02,0.00e+00,8.00e-02,
1075,8.00e-02,8.00e-02,0.00e+00,8.00e-02,
1076,8.00e-02,8.00e-02,0.00e+00,8.00e-02,
1077,8.00e-02,8.00e-02,0.00e+00,8.00e-02,
1078,8.00e-02,8.00e-02,0.00e+00,8.00e-02,
1079,8.00e-02,8.00e-02,0.00e+00,8.00e-02,
1080,8.00e-02,8.00e-02,0.00e+00,8.00e-02,
1081,8.00e-02,8.00e-02,0.00e+00,0.00e+00,
1082,8.00e-02,8.00e-02,0.00e+00,0.00e+00,
1083,8.00e-02,8.00e-02,0.00e+00,8.00e-02,
1084,8.00e-02,0.00e+00,0.00e+00,0.00e+00,
1085,8.00e-02,8.00e-02,0.00e+00,0.00e+00,
1086,8.00e-02,8.00e-02,0.00e+00,0.00e+00,
1087,8.00e-02,8.00e-02,0.00e+00,8.00e-02,
1088,8.00e-02,8.00e-02,0.00e+00,8.00e-02,
1089,8.00e-02,8.00e-02,-1.60e-01,8.00e-02,
1090,8.00e-02,3.44e+00,0.00e+00,8.00e-02,
1091,8.00e-02,3.36e+00,0.00e+00,8.00e-02,
1092,8.00e-02,3.36e+00,0.00e+00,0.00e+00,
1093,8.00e-02,3.44e+00,0.00e+00,8.00e-02,
1094,8.00e-02,3.36e+00,0.00e+00,8.00e-02,
1095,8.00e-02,3.44e+00,0.00e+00,8.00e-02,
1096,8.00e-02,3.36e+00,0.00e+00,8.00e-02,
1097,8.00e-02,3.44e+00,0.00e+00,8.00e-02,
1098,8.00e-02,3.36e+00,0.00e+00,8.00e-02,
1099,8.00e-02,3.44e+00,0.00e+00,8.00e-02,
1100,8.00e-02,3.36e+00,0.00e+00,8.00e-02,
1101,8.00e-02,3.36e+00,0.00e+00,8.00e-02,
1102,8.00e-02,3.28e+00,0.00e+00,8.00e-02,
1103,8.00e-02,3.28e+00,0.00e+00,8.00e-02,
1104,8.00e-02,3.44e+00,0.00e+00,8.00e-02,
1105,8.00e-02,3.44e+00,0.00e+00,0.00e+00,
1106,8.00e-02,3.28e+00,0.00e+00,0.00e+00,
1107,8.00e-02,3.28e+00,1.60e-01,1.60e-01,
1108,8.00e-02,-8.00e-02,0.00e+00,-8.00e-02,
1109,8.00e-02,-8.00e-02,1.60e-01,0.00e+00,
1110,8.00e-02,8.00e-02,0.00e+00,0.00e+00,
1111,8.00e-02,8.00e-02,0.00e+00,0.00e+00,
1112,8.00e-02,8.00e-02,0.00e+00,8.00e-02,
1113,8.00e-02,8.00e-02,0.00e+00,0.00e+00,
1114,8.00e-02,0.00e+00,0.00e+00,8.00e-02,
1115,1.60e-01,8.00e-02,0.00e+00,0.00e+00,
1116,8.00e-02,8.00e-02,0.00e+00,0.00e+00,
1117,8.00e-02,8.00e-02,0.00e+00,0.00e+00,
1118,8.00e-02,8.00e-02,0.00e+00,0.00e+00,
1119,8.00e-02,8.00e-02,0.00e+00,8.00e-02,
1120,8.00e-02,8.00e-02,0.00e+00,0.00e+00,
1121,8.00e-02,8.00e-02,0.00e+00,8.00e-02,
1122,8.00e-02,8.00e-02,0.00e+00,8.00e-02,
1123,1.60e-01,8.00e-02,0.00e+00,8.00e-02,
1124,8.00e-02,8.00e-02,0.00e+00,8.00e-02,
1125,8.00e-02,8.00e-02,1.60e-01,3.20e-01,
1126,8.00e-02,3.52e+00,0.00e+00,8.00e-02,
1127,8.00e-02,3.52e+00,0.00e+00,0.00e+00,
1128,8.00e-02,3.36e+00,0.00e+00,8.00e-02,
1129,8.00e-02,3.44e+00,0.00e+00,0.00e+00,
1130,8.00e-02,3.36e+00,0.00e+00,0.00e+00,
1131,1.60e-01,3.44e+00,0.00e+00,0.00e+00,
1132,1.60e-01,3.44e+00,0.00e+00,8.00e-02,
1133,1.60e-01,3.36e+00,0.00e+00,8.00e-02,
1134,1.60e-01,3.44e+00,0.00e+00,8.00e-02,
1135,8.00e-02,3.36e+00,0.00e+00,8.00e-02,
1136,8.00e-02,3.36e+00,0.00e+00,8.00e-02,
1137,8.00e-02,3.36e+00,0.00e+00,8.00e-02,
1138,8.00e-02,3.28e+00,0.00e+00,8.00e-02,
1139,8.00e-02,3.28e+00,0.00e+00,8.00e-02,
1140,8.00e-02,3.36e+00,0.00e+00,8.00e-02,
1141,8.00e-02,3.36e+00,0.00e+00,8.00e-02,
1142,8.00e-02,3.28e+00,0.00e+00,8.00e-02,
1143,8.00e-02,3.28e+00,0.00e+00,0.00e+00,
1144,8.00e-02,0.00e+00,0.00e+00,1.60e-01,
1145,8.00e-02,8.00e-02,0.00e+00,0.00e+00,
1146,1.60e-01,8.00e-02,0.00e+00,0.00e+00,
1147,8.00e-02,8.00e-02,0.00e+00,8.00e-02,
1148,8.00e-02,8.00e-02,0.00e+00,0.00e+00,
1149,8.00e-02,8.00e-02,0.00e+00,8.00e-02,
1150,8.00e-02,8.00e-02,0.00e+00,8.00e-02,
1151,8.00e-02,8.00e-02,0.00e+00,8.00e-02,
1152,8.00e-02,0.00e+00,0.00e+00,0.00e+00,
1153,8.00e-02,0.00e+00,0.00e+00,0.00e+00,
1154,8.00e-02,8.00e-02,0.00e+00,0.00e+00,
1155,8.00e-02,8.00e-02,0.00e+00,0.00e+00,
1156,8.00e-02,8.00e-02,0.00e+00,8.00e-02,
1157,8.00e-02,8.00e-02,0.00e+00,0.00e+00,
1158,8.00e-02,8.00e-02,0.00e+00,0.00e+00,
1159,8.00e-02,8.00e-02,0.00e+00,8.00e-02,
1160,8.00e-02,8.00e-02,0.00e+00,8.00e-02,
1161,8.00e-02,8.00e-02,0.00e+00,8.00e-02,
1162,8.00e-02,3.52e+00,0.00e+00,0.00e+00,
1163,8.00e-02,3.52e+00,0.00e+00,8.00e-02,
1164,8.00e-02,3.36e+00,0.00e+00,0.00e+00,
1165,8.00e-02,3.44e+00,0.00e+00,0.00e+00,
1166,8.00e-02,3.36e+00,0.00e+00,0.00e+00,
1167,8.00e-02,3.44e+00,0.00e+00,8.00e-02,
1168,8.00e-02,3.36e+00,0.00e+00,0.00e+00,
1169,8.00e-02,3.44e+00,0.00e+00,8.00e-02,
1170,8.00e-02,3.44e+00,0.00e+00,0.00e+00,
1171,8.00e-02,3.44e+00,0.00e+00,0.00e+00,
1172,8.00e-02,3.28e+00,0.00e+00,0.00e+00,
1173,8.00e-02,3.28e+00,0.00e+00,8.00e-02,
1174,8.00e-02,3.28e+00,0.00e+00,8.00e-02,
1175,8.00e-02,3.28e+00,0.00e+00,8.00e-02,
1176,8.00e-02,3.28e+00,0.00e+00,8.00e-02,
1177,8.00e-02,3.28e+00,0.00e+00,8.00e-02,
1178,8.00e-02,2.32e+00,1.20e+00,8.00e-02,
1179,1.60e-01,2.24e+00,3.52e+00,8.00e-02,
1180,8.00e-02,8.00e-02,3.44e+00,8.00e-02,
1181,8.00e-02,0.00e+00,3.44e+00,8.00e-02,
1182,8.00e-02,0.00e+00,3.28e+00,8.00e-02,
1183,8.00e-02,0.00e+00,3.28e+00,0.00e+00,
1184,8.00e-02,8.00e-02,3.28e+00,0.00e+00,
1185,8.00e-02,8.00e-02,3.28e+00,0.00e+00,
1186,1.60e-01,8.00e-02,3.28e+00,0.00e+00,
1187,1.92e+00,8.00e-02,3.28e+00,1.60e-01,
1188,3.36e+00,2.40e-01,3.28e+00,2.96e+00,
1189,3.44e+00,1.60e-01,3.36e+00,3.60e+00,
1190,3.36e+00,0.00e+00,3.36e+00,3.52e+00,
1191,3.36e+00,8.00e-02,3.36e+00,3.52e+00,
1192,3.28e+00,8.00e-02,3.28e+00,3.44e+00,
1193,3.28e+00,8.00e-02,3.36e+00,3.28e+00,
1194,3.28e+00,8.00e-02,3.28e+00,3.28e+00,
1195,3.28e+00,8.00e-02,3.36e+00,3.36e+00,
1196,3.28e+00,8.00e-02,3.36e+00,3.36e+00,
1197,3.28e+00,8.00e-02,3.36e+00,3.36e+00,
1198,3.28e+00,8.00e-02,3.28e+00,3.36e+00,
1199,3.20e+00,0.00e+00,3.36e+00,3.36e+00,
